GEO.id,GEO.id2,GEO.display-label,HD01_VD01,HD02_VD01
1500000US471570001001,471570001001,"Block Group 1, Census Tract 1, Shelby County, Tennessee",2002,545
1500000US471570001002,471570001002,"Block Group 2, Census Tract 1, Shelby County, Tennessee",2630,474
1500000US471570001003,471570001003,"Block Group 3, Census Tract 1, Shelby County, Tennessee",1797,416
1500000US471570002001,471570002001,"Block Group 1, Census Tract 2, Shelby County, Tennessee",1000,269
1500000US471570003001,471570003001,"Block Group 1, Census Tract 3, Shelby County, Tennessee",560,167
1500000US471570003002,471570003002,"Block Group 2, Census Tract 3, Shelby County, Tennessee",354,194
1500000US471570004001,471570004001,"Block Group 1, Census Tract 4, Shelby County, Tennessee",451,177
1500000US471570004002,471570004002,"Block Group 2, Census Tract 4, Shelby County, Tennessee",1335,280
1500000US471570006001,471570006001,"Block Group 1, Census Tract 6, Shelby County, Tennessee",891,219
1500000US471570006002,471570006002,"Block Group 2, Census Tract 6, Shelby County, Tennessee",969,352
1500000US471570007001,471570007001,"Block Group 1, Census Tract 7, Shelby County, Tennessee",2034,489
1500000US471570007002,471570007002,"Block Group 2, Census Tract 7, Shelby County, Tennessee",1601,789
1500000US471570007003,471570007003,"Block Group 3, Census Tract 7, Shelby County, Tennessee",1252,342
1500000US471570008001,471570008001,"Block Group 1, Census Tract 8, Shelby County, Tennessee",893,278
1500000US471570008002,471570008002,"Block Group 2, Census Tract 8, Shelby County, Tennessee",836,260
1500000US471570008003,471570008003,"Block Group 3, Census Tract 8, Shelby County, Tennessee",415,164
1500000US471570009001,471570009001,"Block Group 1, Census Tract 9, Shelby County, Tennessee",1146,359
1500000US471570009002,471570009002,"Block Group 2, Census Tract 9, Shelby County, Tennessee",803,311
1500000US471570009003,471570009003,"Block Group 3, Census Tract 9, Shelby County, Tennessee",1096,356
1500000US471570011001,471570011001,"Block Group 1, Census Tract 11, Shelby County, Tennessee",1598,459
1500000US471570011002,471570011002,"Block Group 2, Census Tract 11, Shelby County, Tennessee",1006,422
1500000US471570011003,471570011003,"Block Group 3, Census Tract 11, Shelby County, Tennessee",885,315
1500000US471570012001,471570012001,"Block Group 1, Census Tract 12, Shelby County, Tennessee",1631,345
1500000US471570012002,471570012002,"Block Group 2, Census Tract 12, Shelby County, Tennessee",949,407
1500000US471570012003,471570012003,"Block Group 3, Census Tract 12, Shelby County, Tennessee",851,270
1500000US471570013001,471570013001,"Block Group 1, Census Tract 13, Shelby County, Tennessee",1181,333
1500000US471570013002,471570013002,"Block Group 2, Census Tract 13, Shelby County, Tennessee",828,431
1500000US471570013003,471570013003,"Block Group 3, Census Tract 13, Shelby County, Tennessee",537,229
1500000US471570013004,471570013004,"Block Group 4, Census Tract 13, Shelby County, Tennessee",1049,319
1500000US471570014001,471570014001,"Block Group 1, Census Tract 14, Shelby County, Tennessee",1523,344
1500000US471570015001,471570015001,"Block Group 1, Census Tract 15, Shelby County, Tennessee",656,184
1500000US471570015002,471570015002,"Block Group 2, Census Tract 15, Shelby County, Tennessee",664,155
1500000US471570016001,471570016001,"Block Group 1, Census Tract 16, Shelby County, Tennessee",2122,263
1500000US471570016002,471570016002,"Block Group 2, Census Tract 16, Shelby County, Tennessee",1068,188
1500000US471570016003,471570016003,"Block Group 3, Census Tract 16, Shelby County, Tennessee",156,69
1500000US471570017001,471570017001,"Block Group 1, Census Tract 17, Shelby County, Tennessee",1680,313
1500000US471570017002,471570017002,"Block Group 2, Census Tract 17, Shelby County, Tennessee",1065,247
1500000US471570017003,471570017003,"Block Group 3, Census Tract 17, Shelby County, Tennessee",1018,253
1500000US471570019001,471570019001,"Block Group 1, Census Tract 19, Shelby County, Tennessee",527,237
1500000US471570019002,471570019002,"Block Group 2, Census Tract 19, Shelby County, Tennessee",850,226
1500000US471570020001,471570020001,"Block Group 1, Census Tract 20, Shelby County, Tennessee",739,212
1500000US471570020002,471570020002,"Block Group 2, Census Tract 20, Shelby County, Tennessee",1148,283
1500000US471570021001,471570021001,"Block Group 1, Census Tract 21, Shelby County, Tennessee",1312,220
1500000US471570024001,471570024001,"Block Group 1, Census Tract 24, Shelby County, Tennessee",1417,315
1500000US471570024002,471570024002,"Block Group 2, Census Tract 24, Shelby County, Tennessee",643,263
1500000US471570024003,471570024003,"Block Group 3, Census Tract 24, Shelby County, Tennessee",232,115
1500000US471570025001,471570025001,"Block Group 1, Census Tract 25, Shelby County, Tennessee",1221,552
1500000US471570025002,471570025002,"Block Group 2, Census Tract 25, Shelby County, Tennessee",2153,395
1500000US471570026001,471570026001,"Block Group 1, Census Tract 26, Shelby County, Tennessee",1410,201
1500000US471570026002,471570026002,"Block Group 2, Census Tract 26, Shelby County, Tennessee",1086,153
1500000US471570027001,471570027001,"Block Group 1, Census Tract 27, Shelby County, Tennessee",594,230
1500000US471570027002,471570027002,"Block Group 2, Census Tract 27, Shelby County, Tennessee",1635,359
1500000US471570028001,471570028001,"Block Group 1, Census Tract 28, Shelby County, Tennessee",1885,475
1500000US471570028002,471570028002,"Block Group 2, Census Tract 28, Shelby County, Tennessee",475,213
1500000US471570028003,471570028003,"Block Group 3, Census Tract 28, Shelby County, Tennessee",1334,480
1500000US471570029001,471570029001,"Block Group 1, Census Tract 29, Shelby County, Tennessee",829,321
1500000US471570029002,471570029002,"Block Group 2, Census Tract 29, Shelby County, Tennessee",986,308
1500000US471570029003,471570029003,"Block Group 3, Census Tract 29, Shelby County, Tennessee",1515,403
1500000US471570029004,471570029004,"Block Group 4, Census Tract 29, Shelby County, Tennessee",820,235
1500000US471570029005,471570029005,"Block Group 5, Census Tract 29, Shelby County, Tennessee",434,146
1500000US471570030001,471570030001,"Block Group 1, Census Tract 30, Shelby County, Tennessee",873,281
1500000US471570030002,471570030002,"Block Group 2, Census Tract 30, Shelby County, Tennessee",1304,329
1500000US471570030003,471570030003,"Block Group 3, Census Tract 30, Shelby County, Tennessee",1232,299
1500000US471570031001,471570031001,"Block Group 1, Census Tract 31, Shelby County, Tennessee",896,125
1500000US471570031002,471570031002,"Block Group 2, Census Tract 31, Shelby County, Tennessee",799,211
1500000US471570031003,471570031003,"Block Group 3, Census Tract 31, Shelby County, Tennessee",682,174
1500000US471570031004,471570031004,"Block Group 4, Census Tract 31, Shelby County, Tennessee",1083,204
1500000US471570032001,471570032001,"Block Group 1, Census Tract 32, Shelby County, Tennessee",732,183
1500000US471570032002,471570032002,"Block Group 2, Census Tract 32, Shelby County, Tennessee",1515,296
1500000US471570032003,471570032003,"Block Group 3, Census Tract 32, Shelby County, Tennessee",893,190
1500000US471570033001,471570033001,"Block Group 1, Census Tract 33, Shelby County, Tennessee",1472,258
1500000US471570033002,471570033002,"Block Group 2, Census Tract 33, Shelby County, Tennessee",1105,219
1500000US471570034001,471570034001,"Block Group 1, Census Tract 34, Shelby County, Tennessee",984,213
1500000US471570034002,471570034002,"Block Group 2, Census Tract 34, Shelby County, Tennessee",1197,262
1500000US471570035001,471570035001,"Block Group 1, Census Tract 35, Shelby County, Tennessee",859,242
1500000US471570035002,471570035002,"Block Group 2, Census Tract 35, Shelby County, Tennessee",964,178
1500000US471570035003,471570035003,"Block Group 3, Census Tract 35, Shelby County, Tennessee",1571,243
1500000US471570036001,471570036001,"Block Group 1, Census Tract 36, Shelby County, Tennessee",360,166
1500000US471570036002,471570036002,"Block Group 2, Census Tract 36, Shelby County, Tennessee",1461,319
1500000US471570037001,471570037001,"Block Group 1, Census Tract 37, Shelby County, Tennessee",1357,125
1500000US471570038001,471570038001,"Block Group 1, Census Tract 38, Shelby County, Tennessee",1202,139
1500000US471570039001,471570039001,"Block Group 1, Census Tract 39, Shelby County, Tennessee",1335,164
1500000US471570042001,471570042001,"Block Group 1, Census Tract 42, Shelby County, Tennessee",1293,197
1500000US471570042002,471570042002,"Block Group 2, Census Tract 42, Shelby County, Tennessee",1138,183
1500000US471570043001,471570043001,"Block Group 1, Census Tract 43, Shelby County, Tennessee",1421,170
1500000US471570045001,471570045001,"Block Group 1, Census Tract 45, Shelby County, Tennessee",565,136
1500000US471570046001,471570046001,"Block Group 1, Census Tract 46, Shelby County, Tennessee",1341,179
1500000US471570050001,471570050001,"Block Group 1, Census Tract 50, Shelby County, Tennessee",671,186
1500000US471570050002,471570050002,"Block Group 2, Census Tract 50, Shelby County, Tennessee",432,159
1500000US471570053001,471570053001,"Block Group 1, Census Tract 53, Shelby County, Tennessee",878,252
1500000US471570053002,471570053002,"Block Group 2, Census Tract 53, Shelby County, Tennessee",1449,402
1500000US471570053003,471570053003,"Block Group 3, Census Tract 53, Shelby County, Tennessee",1255,257
1500000US471570055001,471570055001,"Block Group 1, Census Tract 55, Shelby County, Tennessee",659,220
1500000US471570055002,471570055002,"Block Group 2, Census Tract 55, Shelby County, Tennessee",546,241
1500000US471570055003,471570055003,"Block Group 3, Census Tract 55, Shelby County, Tennessee",963,379
1500000US471570056001,471570056001,"Block Group 1, Census Tract 56, Shelby County, Tennessee",1169,358
1500000US471570056002,471570056002,"Block Group 2, Census Tract 56, Shelby County, Tennessee",1485,354
1500000US471570056003,471570056003,"Block Group 3, Census Tract 56, Shelby County, Tennessee",1092,257
1500000US471570057001,471570057001,"Block Group 1, Census Tract 57, Shelby County, Tennessee",915,260
1500000US471570057002,471570057002,"Block Group 2, Census Tract 57, Shelby County, Tennessee",1183,333
1500000US471570058001,471570058001,"Block Group 1, Census Tract 58, Shelby County, Tennessee",139,105
1500000US471570058002,471570058002,"Block Group 2, Census Tract 58, Shelby County, Tennessee",997,292
1500000US471570059001,471570059001,"Block Group 1, Census Tract 59, Shelby County, Tennessee",822,299
1500000US471570059002,471570059002,"Block Group 2, Census Tract 59, Shelby County, Tennessee",943,534
1500000US471570059003,471570059003,"Block Group 3, Census Tract 59, Shelby County, Tennessee",724,274
1500000US471570060001,471570060001,"Block Group 1, Census Tract 60, Shelby County, Tennessee",1182,254
1500000US471570060002,471570060002,"Block Group 2, Census Tract 60, Shelby County, Tennessee",1000,320
1500000US471570062001,471570062001,"Block Group 1, Census Tract 62, Shelby County, Tennessee",931,296
1500000US471570062002,471570062002,"Block Group 2, Census Tract 62, Shelby County, Tennessee",372,164
1500000US471570062003,471570062003,"Block Group 3, Census Tract 62, Shelby County, Tennessee",970,259
1500000US471570063001,471570063001,"Block Group 1, Census Tract 63, Shelby County, Tennessee",1150,173
1500000US471570063002,471570063002,"Block Group 2, Census Tract 63, Shelby County, Tennessee",364,211
1500000US471570063003,471570063003,"Block Group 3, Census Tract 63, Shelby County, Tennessee",795,200
1500000US471570064001,471570064001,"Block Group 1, Census Tract 64, Shelby County, Tennessee",1679,302
1500000US471570065001,471570065001,"Block Group 1, Census Tract 65, Shelby County, Tennessee",1079,453
1500000US471570065002,471570065002,"Block Group 2, Census Tract 65, Shelby County, Tennessee",1848,409
1500000US471570066001,471570066001,"Block Group 1, Census Tract 66, Shelby County, Tennessee",1018,261
1500000US471570066002,471570066002,"Block Group 2, Census Tract 66, Shelby County, Tennessee",1140,208
1500000US471570067001,471570067001,"Block Group 1, Census Tract 67, Shelby County, Tennessee",580,201
1500000US471570067002,471570067002,"Block Group 2, Census Tract 67, Shelby County, Tennessee",825,414
1500000US471570067003,471570067003,"Block Group 3, Census Tract 67, Shelby County, Tennessee",1175,422
1500000US471570067004,471570067004,"Block Group 4, Census Tract 67, Shelby County, Tennessee",602,259
1500000US471570068001,471570068001,"Block Group 1, Census Tract 68, Shelby County, Tennessee",491,183
1500000US471570068002,471570068002,"Block Group 2, Census Tract 68, Shelby County, Tennessee",1272,474
1500000US471570068003,471570068003,"Block Group 3, Census Tract 68, Shelby County, Tennessee",869,229
1500000US471570069001,471570069001,"Block Group 1, Census Tract 69, Shelby County, Tennessee",1157,261
1500000US471570069002,471570069002,"Block Group 2, Census Tract 69, Shelby County, Tennessee",854,313
1500000US471570069003,471570069003,"Block Group 3, Census Tract 69, Shelby County, Tennessee",1089,365
1500000US471570070001,471570070001,"Block Group 1, Census Tract 70, Shelby County, Tennessee",1329,237
1500000US471570070002,471570070002,"Block Group 2, Census Tract 70, Shelby County, Tennessee",1350,300
1500000US471570070003,471570070003,"Block Group 3, Census Tract 70, Shelby County, Tennessee",839,228
1500000US471570071001,471570071001,"Block Group 1, Census Tract 71, Shelby County, Tennessee",1318,220
1500000US471570071002,471570071002,"Block Group 2, Census Tract 71, Shelby County, Tennessee",1003,241
1500000US471570072001,471570072001,"Block Group 1, Census Tract 72, Shelby County, Tennessee",1299,239
1500000US471570072002,471570072002,"Block Group 2, Census Tract 72, Shelby County, Tennessee",1227,210
1500000US471570073001,471570073001,"Block Group 1, Census Tract 73, Shelby County, Tennessee",1603,383
1500000US471570073002,471570073002,"Block Group 2, Census Tract 73, Shelby County, Tennessee",1298,393
1500000US471570073003,471570073003,"Block Group 3, Census Tract 73, Shelby County, Tennessee",2035,646
1500000US471570074001,471570074001,"Block Group 1, Census Tract 74, Shelby County, Tennessee",1448,251
1500000US471570074002,471570074002,"Block Group 2, Census Tract 74, Shelby County, Tennessee",1544,298
1500000US471570075001,471570075001,"Block Group 1, Census Tract 75, Shelby County, Tennessee",321,119
1500000US471570075002,471570075002,"Block Group 2, Census Tract 75, Shelby County, Tennessee",882,213
1500000US471570078101,471570078101,"Block Group 1, Census Tract 78.10, Shelby County, Tennessee",426,180
1500000US471570078102,471570078102,"Block Group 2, Census Tract 78.10, Shelby County, Tennessee",1008,301
1500000US471570078103,471570078103,"Block Group 3, Census Tract 78.10, Shelby County, Tennessee",1212,328
1500000US471570078211,471570078211,"Block Group 1, Census Tract 78.21, Shelby County, Tennessee",649,381
1500000US471570078212,471570078212,"Block Group 2, Census Tract 78.21, Shelby County, Tennessee",643,398
1500000US471570078213,471570078213,"Block Group 3, Census Tract 78.21, Shelby County, Tennessee",1171,459
1500000US471570078214,471570078214,"Block Group 4, Census Tract 78.21, Shelby County, Tennessee",1757,666
1500000US471570078215,471570078215,"Block Group 5, Census Tract 78.21, Shelby County, Tennessee",1766,602
1500000US471570078221,471570078221,"Block Group 1, Census Tract 78.22, Shelby County, Tennessee",1756,286
1500000US471570079001,471570079001,"Block Group 1, Census Tract 79, Shelby County, Tennessee",1179,525
1500000US471570079002,471570079002,"Block Group 2, Census Tract 79, Shelby County, Tennessee",1219,488
1500000US471570079003,471570079003,"Block Group 3, Census Tract 79, Shelby County, Tennessee",864,346
1500000US471570079004,471570079004,"Block Group 4, Census Tract 79, Shelby County, Tennessee",1408,528
1500000US471570079005,471570079005,"Block Group 5, Census Tract 79, Shelby County, Tennessee",1347,512
1500000US471570080001,471570080001,"Block Group 1, Census Tract 80, Shelby County, Tennessee",1847,723
1500000US471570080002,471570080002,"Block Group 2, Census Tract 80, Shelby County, Tennessee",1494,446
1500000US471570080003,471570080003,"Block Group 3, Census Tract 80, Shelby County, Tennessee",1477,475
1500000US471570080004,471570080004,"Block Group 4, Census Tract 80, Shelby County, Tennessee",654,514
1500000US471570081101,471570081101,"Block Group 1, Census Tract 81.10, Shelby County, Tennessee",1245,368
1500000US471570081102,471570081102,"Block Group 2, Census Tract 81.10, Shelby County, Tennessee",897,258
1500000US471570081103,471570081103,"Block Group 3, Census Tract 81.10, Shelby County, Tennessee",841,313
1500000US471570081201,471570081201,"Block Group 1, Census Tract 81.20, Shelby County, Tennessee",698,201
1500000US471570081202,471570081202,"Block Group 2, Census Tract 81.20, Shelby County, Tennessee",1989,455
1500000US471570081203,471570081203,"Block Group 3, Census Tract 81.20, Shelby County, Tennessee",1491,424
1500000US471570081204,471570081204,"Block Group 4, Census Tract 81.20, Shelby County, Tennessee",413,227
1500000US471570082001,471570082001,"Block Group 1, Census Tract 82, Shelby County, Tennessee",1217,500
1500000US471570082002,471570082002,"Block Group 2, Census Tract 82, Shelby County, Tennessee",1026,348
1500000US471570082003,471570082003,"Block Group 3, Census Tract 82, Shelby County, Tennessee",1363,520
1500000US471570082004,471570082004,"Block Group 4, Census Tract 82, Shelby County, Tennessee",783,407
1500000US471570082005,471570082005,"Block Group 5, Census Tract 82, Shelby County, Tennessee",1150,390
1500000US471570085001,471570085001,"Block Group 1, Census Tract 85, Shelby County, Tennessee",2321,285
1500000US471570085002,471570085002,"Block Group 2, Census Tract 85, Shelby County, Tennessee",2365,305
1500000US471570086001,471570086001,"Block Group 1, Census Tract 86, Shelby County, Tennessee",1761,478
1500000US471570086002,471570086002,"Block Group 2, Census Tract 86, Shelby County, Tennessee",2330,416
1500000US471570086003,471570086003,"Block Group 3, Census Tract 86, Shelby County, Tennessee",1657,305
1500000US471570087001,471570087001,"Block Group 1, Census Tract 87, Shelby County, Tennessee",763,239
1500000US471570087002,471570087002,"Block Group 2, Census Tract 87, Shelby County, Tennessee",951,271
1500000US471570087003,471570087003,"Block Group 3, Census Tract 87, Shelby County, Tennessee",1141,276
1500000US471570087004,471570087004,"Block Group 4, Census Tract 87, Shelby County, Tennessee",1096,455
1500000US471570088001,471570088001,"Block Group 1, Census Tract 88, Shelby County, Tennessee",1780,574
1500000US471570088002,471570088002,"Block Group 2, Census Tract 88, Shelby County, Tennessee",2778,811
1500000US471570088003,471570088003,"Block Group 3, Census Tract 88, Shelby County, Tennessee",1450,678
1500000US471570088004,471570088004,"Block Group 4, Census Tract 88, Shelby County, Tennessee",923,399
1500000US471570089001,471570089001,"Block Group 1, Census Tract 89, Shelby County, Tennessee",1209,337
1500000US471570089002,471570089002,"Block Group 2, Census Tract 89, Shelby County, Tennessee",1646,555
1500000US471570089003,471570089003,"Block Group 3, Census Tract 89, Shelby County, Tennessee",1117,385
1500000US471570091001,471570091001,"Block Group 1, Census Tract 91, Shelby County, Tennessee",1192,322
1500000US471570091002,471570091002,"Block Group 2, Census Tract 91, Shelby County, Tennessee",1434,316
1500000US471570092001,471570092001,"Block Group 1, Census Tract 92, Shelby County, Tennessee",1362,236
1500000US471570092002,471570092002,"Block Group 2, Census Tract 92, Shelby County, Tennessee",955,244
1500000US471570092003,471570092003,"Block Group 3, Census Tract 92, Shelby County, Tennessee",1970,308
1500000US471570092004,471570092004,"Block Group 4, Census Tract 92, Shelby County, Tennessee",1403,329
1500000US471570092005,471570092005,"Block Group 5, Census Tract 92, Shelby County, Tennessee",1817,436
1500000US471570093001,471570093001,"Block Group 1, Census Tract 93, Shelby County, Tennessee",1232,256
1500000US471570093002,471570093002,"Block Group 2, Census Tract 93, Shelby County, Tennessee",1632,364
1500000US471570093003,471570093003,"Block Group 3, Census Tract 93, Shelby County, Tennessee",1772,719
1500000US471570094001,471570094001,"Block Group 1, Census Tract 94, Shelby County, Tennessee",1552,231
1500000US471570094002,471570094002,"Block Group 2, Census Tract 94, Shelby County, Tennessee",1960,335
1500000US471570095001,471570095001,"Block Group 1, Census Tract 95, Shelby County, Tennessee",2095,382
1500000US471570095002,471570095002,"Block Group 2, Census Tract 95, Shelby County, Tennessee",1260,287
1500000US471570095003,471570095003,"Block Group 3, Census Tract 95, Shelby County, Tennessee",1397,273
1500000US471570095004,471570095004,"Block Group 4, Census Tract 95, Shelby County, Tennessee",1299,255
1500000US471570096001,471570096001,"Block Group 1, Census Tract 96, Shelby County, Tennessee",843,213
1500000US471570096002,471570096002,"Block Group 2, Census Tract 96, Shelby County, Tennessee",1700,302
1500000US471570096003,471570096003,"Block Group 3, Census Tract 96, Shelby County, Tennessee",1176,239
1500000US471570096004,471570096004,"Block Group 4, Census Tract 96, Shelby County, Tennessee",1337,272
1500000US471570097001,471570097001,"Block Group 1, Census Tract 97, Shelby County, Tennessee",1916,379
1500000US471570097002,471570097002,"Block Group 2, Census Tract 97, Shelby County, Tennessee",1032,486
1500000US471570098001,471570098001,"Block Group 1, Census Tract 98, Shelby County, Tennessee",1447,362
1500000US471570098002,471570098002,"Block Group 2, Census Tract 98, Shelby County, Tennessee",2104,468
1500000US471570099011,471570099011,"Block Group 1, Census Tract 99.01, Shelby County, Tennessee",997,506
1500000US471570099012,471570099012,"Block Group 2, Census Tract 99.01, Shelby County, Tennessee",1090,374
1500000US471570099013,471570099013,"Block Group 3, Census Tract 99.01, Shelby County, Tennessee",1866,499
1500000US471570099021,471570099021,"Block Group 1, Census Tract 99.02, Shelby County, Tennessee",1168,339
1500000US471570099022,471570099022,"Block Group 2, Census Tract 99.02, Shelby County, Tennessee",955,314
1500000US471570099023,471570099023,"Block Group 3, Census Tract 99.02, Shelby County, Tennessee",671,295
1500000US471570100001,471570100001,"Block Group 1, Census Tract 100, Shelby County, Tennessee",1787,431
1500000US471570100002,471570100002,"Block Group 2, Census Tract 100, Shelby County, Tennessee",2969,767
1500000US471570100003,471570100003,"Block Group 3, Census Tract 100, Shelby County, Tennessee",678,311
1500000US471570100004,471570100004,"Block Group 4, Census Tract 100, Shelby County, Tennessee",1148,561
1500000US471570100005,471570100005,"Block Group 5, Census Tract 100, Shelby County, Tennessee",1096,493
1500000US471570101101,471570101101,"Block Group 1, Census Tract 101.10, Shelby County, Tennessee",877,363
1500000US471570101102,471570101102,"Block Group 2, Census Tract 101.10, Shelby County, Tennessee",1740,613
1500000US471570101103,471570101103,"Block Group 3, Census Tract 101.10, Shelby County, Tennessee",1038,399
1500000US471570101104,471570101104,"Block Group 4, Census Tract 101.10, Shelby County, Tennessee",1364,568
1500000US471570101105,471570101105,"Block Group 5, Census Tract 101.10, Shelby County, Tennessee",1429,501
1500000US471570101106,471570101106,"Block Group 6, Census Tract 101.10, Shelby County, Tennessee",1257,356
1500000US471570101201,471570101201,"Block Group 1, Census Tract 101.20, Shelby County, Tennessee",1271,307
1500000US471570101202,471570101202,"Block Group 2, Census Tract 101.20, Shelby County, Tennessee",640,237
1500000US471570101203,471570101203,"Block Group 3, Census Tract 101.20, Shelby County, Tennessee",1042,290
1500000US471570101204,471570101204,"Block Group 4, Census Tract 101.20, Shelby County, Tennessee",774,287
1500000US471570101205,471570101205,"Block Group 5, Census Tract 101.20, Shelby County, Tennessee",820,275
1500000US471570102101,471570102101,"Block Group 1, Census Tract 102.10, Shelby County, Tennessee",1793,565
1500000US471570102102,471570102102,"Block Group 2, Census Tract 102.10, Shelby County, Tennessee",837,319
1500000US471570102103,471570102103,"Block Group 3, Census Tract 102.10, Shelby County, Tennessee",936,363
1500000US471570102104,471570102104,"Block Group 4, Census Tract 102.10, Shelby County, Tennessee",1800,482
1500000US471570102201,471570102201,"Block Group 1, Census Tract 102.20, Shelby County, Tennessee",837,453
1500000US471570102202,471570102202,"Block Group 2, Census Tract 102.20, Shelby County, Tennessee",1594,425
1500000US471570102203,471570102203,"Block Group 3, Census Tract 102.20, Shelby County, Tennessee",763,433
1500000US471570102204,471570102204,"Block Group 4, Census Tract 102.20, Shelby County, Tennessee",772,278
1500000US471570102205,471570102205,"Block Group 5, Census Tract 102.20, Shelby County, Tennessee",1996,658
1500000US471570102206,471570102206,"Block Group 6, Census Tract 102.20, Shelby County, Tennessee",978,380
1500000US471570103001,471570103001,"Block Group 1, Census Tract 103, Shelby County, Tennessee",1500,221
1500000US471570105001,471570105001,"Block Group 1, Census Tract 105, Shelby County, Tennessee",1605,394
1500000US471570105002,471570105002,"Block Group 2, Census Tract 105, Shelby County, Tennessee",519,180
1500000US471570106101,471570106101,"Block Group 1, Census Tract 106.10, Shelby County, Tennessee",1678,552
1500000US471570106102,471570106102,"Block Group 2, Census Tract 106.10, Shelby County, Tennessee",1362,465
1500000US471570106103,471570106103,"Block Group 3, Census Tract 106.10, Shelby County, Tennessee",1045,515
1500000US471570106104,471570106104,"Block Group 4, Census Tract 106.10, Shelby County, Tennessee",3161,720
1500000US471570106201,471570106201,"Block Group 1, Census Tract 106.20, Shelby County, Tennessee",791,359
1500000US471570106202,471570106202,"Block Group 2, Census Tract 106.20, Shelby County, Tennessee",1055,328
1500000US471570106203,471570106203,"Block Group 3, Census Tract 106.20, Shelby County, Tennessee",1349,278
1500000US471570106301,471570106301,"Block Group 1, Census Tract 106.30, Shelby County, Tennessee",1175,509
1500000US471570106302,471570106302,"Block Group 2, Census Tract 106.30, Shelby County, Tennessee",1102,282
1500000US471570106303,471570106303,"Block Group 3, Census Tract 106.30, Shelby County, Tennessee",2508,522
1500000US471570107101,471570107101,"Block Group 1, Census Tract 107.10, Shelby County, Tennessee",1419,416
1500000US471570107102,471570107102,"Block Group 2, Census Tract 107.10, Shelby County, Tennessee",1288,396
1500000US471570107103,471570107103,"Block Group 3, Census Tract 107.10, Shelby County, Tennessee",2631,551
1500000US471570107201,471570107201,"Block Group 1, Census Tract 107.20, Shelby County, Tennessee",883,202
1500000US471570107202,471570107202,"Block Group 2, Census Tract 107.20, Shelby County, Tennessee",1671,353
1500000US471570107203,471570107203,"Block Group 3, Census Tract 107.20, Shelby County, Tennessee",1025,278
1500000US471570108101,471570108101,"Block Group 1, Census Tract 108.10, Shelby County, Tennessee",1360,402
1500000US471570108102,471570108102,"Block Group 2, Census Tract 108.10, Shelby County, Tennessee",1890,421
1500000US471570108103,471570108103,"Block Group 3, Census Tract 108.10, Shelby County, Tennessee",1801,377
1500000US471570108104,471570108104,"Block Group 4, Census Tract 108.10, Shelby County, Tennessee",1157,517
1500000US471570108201,471570108201,"Block Group 1, Census Tract 108.20, Shelby County, Tennessee",1277,405
1500000US471570108202,471570108202,"Block Group 2, Census Tract 108.20, Shelby County, Tennessee",1287,431
1500000US471570108203,471570108203,"Block Group 3, Census Tract 108.20, Shelby County, Tennessee",1225,353
1500000US471570108204,471570108204,"Block Group 4, Census Tract 108.20, Shelby County, Tennessee",994,408
1500000US471570110101,471570110101,"Block Group 1, Census Tract 110.10, Shelby County, Tennessee",1436,423
1500000US471570110102,471570110102,"Block Group 2, Census Tract 110.10, Shelby County, Tennessee",786,200
1500000US471570110103,471570110103,"Block Group 3, Census Tract 110.10, Shelby County, Tennessee",2458,481
1500000US471570110201,471570110201,"Block Group 1, Census Tract 110.20, Shelby County, Tennessee",583,168
1500000US471570110202,471570110202,"Block Group 2, Census Tract 110.20, Shelby County, Tennessee",345,153
1500000US471570110203,471570110203,"Block Group 3, Census Tract 110.20, Shelby County, Tennessee",370,89
1500000US471570111001,471570111001,"Block Group 1, Census Tract 111, Shelby County, Tennessee",839,262
1500000US471570111002,471570111002,"Block Group 2, Census Tract 111, Shelby County, Tennessee",901,240
1500000US471570112001,471570112001,"Block Group 1, Census Tract 112, Shelby County, Tennessee",538,157
1500000US471570112002,471570112002,"Block Group 2, Census Tract 112, Shelby County, Tennessee",604,213
1500000US471570112003,471570112003,"Block Group 3, Census Tract 112, Shelby County, Tennessee",359,111
1500000US471570113001,471570113001,"Block Group 1, Census Tract 113, Shelby County, Tennessee",1393,242
1500000US471570114001,471570114001,"Block Group 1, Census Tract 114, Shelby County, Tennessee",1155,242
1500000US471570114002,471570114002,"Block Group 2, Census Tract 114, Shelby County, Tennessee",2677,256
1500000US471570114003,471570114003,"Block Group 3, Census Tract 114, Shelby County, Tennessee",1433,358
1500000US471570115001,471570115001,"Block Group 1, Census Tract 115, Shelby County, Tennessee",492,251
1500000US471570115002,471570115002,"Block Group 2, Census Tract 115, Shelby County, Tennessee",721,440
1500000US471570115003,471570115003,"Block Group 3, Census Tract 115, Shelby County, Tennessee",614,277
1500000US471570115004,471570115004,"Block Group 4, Census Tract 115, Shelby County, Tennessee",506,214
1500000US471570116001,471570116001,"Block Group 1, Census Tract 116, Shelby County, Tennessee",1266,422
1500000US471570116002,471570116002,"Block Group 2, Census Tract 116, Shelby County, Tennessee",1425,375
1500000US471570117001,471570117001,"Block Group 1, Census Tract 117, Shelby County, Tennessee",1641,273
1500000US471570118001,471570118001,"Block Group 1, Census Tract 118, Shelby County, Tennessee",1213,452
1500000US471570118002,471570118002,"Block Group 2, Census Tract 118, Shelby County, Tennessee",1261,579
1500000US471570118003,471570118003,"Block Group 3, Census Tract 118, Shelby County, Tennessee",2208,683
1500000US471570118004,471570118004,"Block Group 4, Census Tract 118, Shelby County, Tennessee",878,243
1500000US471570201011,471570201011,"Block Group 1, Census Tract 201.01, Shelby County, Tennessee",1107,246
1500000US471570201012,471570201012,"Block Group 2, Census Tract 201.01, Shelby County, Tennessee",468,203
1500000US471570201013,471570201013,"Block Group 3, Census Tract 201.01, Shelby County, Tennessee",1017,356
1500000US471570201014,471570201014,"Block Group 4, Census Tract 201.01, Shelby County, Tennessee",1892,534
1500000US471570201021,471570201021,"Block Group 1, Census Tract 201.02, Shelby County, Tennessee",1792,214
1500000US471570201022,471570201022,"Block Group 2, Census Tract 201.02, Shelby County, Tennessee",991,239
1500000US471570202101,471570202101,"Block Group 1, Census Tract 202.10, Shelby County, Tennessee",1234,576
1500000US471570202102,471570202102,"Block Group 2, Census Tract 202.10, Shelby County, Tennessee",1680,634
1500000US471570202103,471570202103,"Block Group 3, Census Tract 202.10, Shelby County, Tennessee",1920,570
1500000US471570202104,471570202104,"Block Group 4, Census Tract 202.10, Shelby County, Tennessee",1039,289
1500000US471570202211,471570202211,"Block Group 1, Census Tract 202.21, Shelby County, Tennessee",978,282
1500000US471570202212,471570202212,"Block Group 2, Census Tract 202.21, Shelby County, Tennessee",2064,367
1500000US471570202221,471570202221,"Block Group 1, Census Tract 202.22, Shelby County, Tennessee",1800,273
1500000US471570202222,471570202222,"Block Group 2, Census Tract 202.22, Shelby County, Tennessee",1507,387
1500000US471570203001,471570203001,"Block Group 1, Census Tract 203, Shelby County, Tennessee",1787,504
1500000US471570203002,471570203002,"Block Group 2, Census Tract 203, Shelby County, Tennessee",1861,439
1500000US471570203003,471570203003,"Block Group 3, Census Tract 203, Shelby County, Tennessee",1668,316
1500000US471570204001,471570204001,"Block Group 1, Census Tract 204, Shelby County, Tennessee",281,98
1500000US471570204002,471570204002,"Block Group 2, Census Tract 204, Shelby County, Tennessee",1166,178
1500000US471570205111,471570205111,"Block Group 1, Census Tract 205.11, Shelby County, Tennessee",1182,261
1500000US471570205112,471570205112,"Block Group 2, Census Tract 205.11, Shelby County, Tennessee",1125,285
1500000US471570205121,471570205121,"Block Group 1, Census Tract 205.12, Shelby County, Tennessee",1975,562
1500000US471570205122,471570205122,"Block Group 2, Census Tract 205.12, Shelby County, Tennessee",618,262
1500000US471570205123,471570205123,"Block Group 3, Census Tract 205.12, Shelby County, Tennessee",1750,517
1500000US471570205124,471570205124,"Block Group 4, Census Tract 205.12, Shelby County, Tennessee",797,207
1500000US471570205211,471570205211,"Block Group 1, Census Tract 205.21, Shelby County, Tennessee",1340,412
1500000US471570205212,471570205212,"Block Group 2, Census Tract 205.21, Shelby County, Tennessee",1562,434
1500000US471570205213,471570205213,"Block Group 3, Census Tract 205.21, Shelby County, Tennessee",984,285
1500000US471570205231,471570205231,"Block Group 1, Census Tract 205.23, Shelby County, Tennessee",1884,359
1500000US471570205232,471570205232,"Block Group 2, Census Tract 205.23, Shelby County, Tennessee",1544,404
1500000US471570205241,471570205241,"Block Group 1, Census Tract 205.24, Shelby County, Tennessee",1046,306
1500000US471570205242,471570205242,"Block Group 2, Census Tract 205.24, Shelby County, Tennessee",2441,414
1500000US471570205243,471570205243,"Block Group 3, Census Tract 205.24, Shelby County, Tennessee",744,229
1500000US471570205311,471570205311,"Block Group 1, Census Tract 205.31, Shelby County, Tennessee",1000,403
1500000US471570205312,471570205312,"Block Group 2, Census Tract 205.31, Shelby County, Tennessee",1859,634
1500000US471570205313,471570205313,"Block Group 3, Census Tract 205.31, Shelby County, Tennessee",3524,805
1500000US471570205321,471570205321,"Block Group 1, Census Tract 205.32, Shelby County, Tennessee",1419,467
1500000US471570205322,471570205322,"Block Group 2, Census Tract 205.32, Shelby County, Tennessee",1389,432
1500000US471570205323,471570205323,"Block Group 3, Census Tract 205.32, Shelby County, Tennessee",2031,448
1500000US471570205324,471570205324,"Block Group 4, Census Tract 205.32, Shelby County, Tennessee",633,156
1500000US471570205411,471570205411,"Block Group 1, Census Tract 205.41, Shelby County, Tennessee",1289,382
1500000US471570205412,471570205412,"Block Group 2, Census Tract 205.41, Shelby County, Tennessee",1978,486
1500000US471570205413,471570205413,"Block Group 3, Census Tract 205.41, Shelby County, Tennessee",2024,485
1500000US471570205421,471570205421,"Block Group 1, Census Tract 205.42, Shelby County, Tennessee",1369,478
1500000US471570205422,471570205422,"Block Group 2, Census Tract 205.42, Shelby County, Tennessee",2318,516
1500000US471570205423,471570205423,"Block Group 3, Census Tract 205.42, Shelby County, Tennessee",766,379
1500000US471570205424,471570205424,"Block Group 4, Census Tract 205.42, Shelby County, Tennessee",856,591
1500000US471570206101,471570206101,"Block Group 1, Census Tract 206.10, Shelby County, Tennessee",888,257
1500000US471570206102,471570206102,"Block Group 2, Census Tract 206.10, Shelby County, Tennessee",1647,359
1500000US471570206103,471570206103,"Block Group 3, Census Tract 206.10, Shelby County, Tennessee",1069,292
1500000US471570206211,471570206211,"Block Group 1, Census Tract 206.21, Shelby County, Tennessee",1062,471
1500000US471570206212,471570206212,"Block Group 2, Census Tract 206.21, Shelby County, Tennessee",1480,374
1500000US471570206213,471570206213,"Block Group 3, Census Tract 206.21, Shelby County, Tennessee",489,295
1500000US471570206214,471570206214,"Block Group 4, Census Tract 206.21, Shelby County, Tennessee",1336,321
1500000US471570206215,471570206215,"Block Group 5, Census Tract 206.21, Shelby County, Tennessee",2546,509
1500000US471570206221,471570206221,"Block Group 1, Census Tract 206.22, Shelby County, Tennessee",1312,302
1500000US471570206222,471570206222,"Block Group 2, Census Tract 206.22, Shelby County, Tennessee",1941,282
1500000US471570206223,471570206223,"Block Group 3, Census Tract 206.22, Shelby County, Tennessee",799,205
1500000US471570206321,471570206321,"Block Group 1, Census Tract 206.32, Shelby County, Tennessee",2874,419
1500000US471570206322,471570206322,"Block Group 2, Census Tract 206.32, Shelby County, Tennessee",1505,269
1500000US471570206323,471570206323,"Block Group 3, Census Tract 206.32, Shelby County, Tennessee",909,283
1500000US471570206331,471570206331,"Block Group 1, Census Tract 206.33, Shelby County, Tennessee",1395,315
1500000US471570206332,471570206332,"Block Group 2, Census Tract 206.33, Shelby County, Tennessee",1899,357
1500000US471570206341,471570206341,"Block Group 1, Census Tract 206.34, Shelby County, Tennessee",1393,190
1500000US471570206342,471570206342,"Block Group 2, Census Tract 206.34, Shelby County, Tennessee",1567,239
1500000US471570206351,471570206351,"Block Group 1, Census Tract 206.35, Shelby County, Tennessee",1568,228
1500000US471570206352,471570206352,"Block Group 2, Census Tract 206.35, Shelby County, Tennessee",1311,196
1500000US471570206421,471570206421,"Block Group 1, Census Tract 206.42, Shelby County, Tennessee",5343,605
1500000US471570206422,471570206422,"Block Group 2, Census Tract 206.42, Shelby County, Tennessee",3513,598
1500000US471570206431,471570206431,"Block Group 1, Census Tract 206.43, Shelby County, Tennessee",1549,466
1500000US471570206432,471570206432,"Block Group 2, Census Tract 206.43, Shelby County, Tennessee",1515,401
1500000US471570206433,471570206433,"Block Group 3, Census Tract 206.43, Shelby County, Tennessee",4117,850
1500000US471570206434,471570206434,"Block Group 4, Census Tract 206.43, Shelby County, Tennessee",1187,375
1500000US471570206441,471570206441,"Block Group 1, Census Tract 206.44, Shelby County, Tennessee",4257,703
1500000US471570206442,471570206442,"Block Group 2, Census Tract 206.44, Shelby County, Tennessee",2148,517
1500000US471570206443,471570206443,"Block Group 3, Census Tract 206.44, Shelby County, Tennessee",2472,476
1500000US471570206511,471570206511,"Block Group 1, Census Tract 206.51, Shelby County, Tennessee",1602,525
1500000US471570206512,471570206512,"Block Group 2, Census Tract 206.51, Shelby County, Tennessee",863,395
1500000US471570206513,471570206513,"Block Group 3, Census Tract 206.51, Shelby County, Tennessee",2741,834
1500000US471570206514,471570206514,"Block Group 4, Census Tract 206.51, Shelby County, Tennessee",1201,456
1500000US471570206515,471570206515,"Block Group 5, Census Tract 206.51, Shelby County, Tennessee",1023,605
1500000US471570206521,471570206521,"Block Group 1, Census Tract 206.52, Shelby County, Tennessee",1844,405
1500000US471570206522,471570206522,"Block Group 2, Census Tract 206.52, Shelby County, Tennessee",1428,311
1500000US471570206523,471570206523,"Block Group 3, Census Tract 206.52, Shelby County, Tennessee",2180,459
1500000US471570207001,471570207001,"Block Group 1, Census Tract 207, Shelby County, Tennessee",1175,232
1500000US471570207002,471570207002,"Block Group 2, Census Tract 207, Shelby County, Tennessee",1375,185
1500000US471570208101,471570208101,"Block Group 1, Census Tract 208.10, Shelby County, Tennessee",1779,288
1500000US471570208102,471570208102,"Block Group 2, Census Tract 208.10, Shelby County, Tennessee",1559,299
1500000US471570208201,471570208201,"Block Group 1, Census Tract 208.20, Shelby County, Tennessee",5197,444
1500000US471570208202,471570208202,"Block Group 2, Census Tract 208.20, Shelby County, Tennessee",3453,464
1500000US471570208311,471570208311,"Block Group 1, Census Tract 208.31, Shelby County, Tennessee",1485,385
1500000US471570208312,471570208312,"Block Group 2, Census Tract 208.31, Shelby County, Tennessee",864,271
1500000US471570208313,471570208313,"Block Group 3, Census Tract 208.31, Shelby County, Tennessee",1933,370
1500000US471570208321,471570208321,"Block Group 1, Census Tract 208.32, Shelby County, Tennessee",4319,567
1500000US471570208322,471570208322,"Block Group 2, Census Tract 208.32, Shelby County, Tennessee",2574,640
1500000US471570208323,471570208323,"Block Group 3, Census Tract 208.32, Shelby County, Tennessee",2032,377
1500000US471570209001,471570209001,"Block Group 1, Census Tract 209, Shelby County, Tennessee",9432,419
1500000US471570210101,471570210101,"Block Group 1, Census Tract 210.10, Shelby County, Tennessee",8364,1050
1500000US471570210102,471570210102,"Block Group 2, Census Tract 210.10, Shelby County, Tennessee",8490,1517
1500000US471570210201,471570210201,"Block Group 1, Census Tract 210.20, Shelby County, Tennessee",6229,498
1500000US471570211111,471570211111,"Block Group 1, Census Tract 211.11, Shelby County, Tennessee",2267,425
1500000US471570211112,471570211112,"Block Group 2, Census Tract 211.11, Shelby County, Tennessee",1265,386
1500000US471570211113,471570211113,"Block Group 3, Census Tract 211.11, Shelby County, Tennessee",747,269
1500000US471570211121,471570211121,"Block Group 1, Census Tract 211.12, Shelby County, Tennessee",1411,424
1500000US471570211122,471570211122,"Block Group 2, Census Tract 211.12, Shelby County, Tennessee",487,285
1500000US471570211123,471570211123,"Block Group 3, Census Tract 211.12, Shelby County, Tennessee",2307,627
1500000US471570211124,471570211124,"Block Group 4, Census Tract 211.12, Shelby County, Tennessee",1414,636
1500000US471570211125,471570211125,"Block Group 5, Census Tract 211.12, Shelby County, Tennessee",996,418
1500000US471570211131,471570211131,"Block Group 1, Census Tract 211.13, Shelby County, Tennessee",2514,331
1500000US471570211132,471570211132,"Block Group 2, Census Tract 211.13, Shelby County, Tennessee",1268,330
1500000US471570211211,471570211211,"Block Group 1, Census Tract 211.21, Shelby County, Tennessee",1679,505
1500000US471570211212,471570211212,"Block Group 2, Census Tract 211.21, Shelby County, Tennessee",1665,362
1500000US471570211213,471570211213,"Block Group 3, Census Tract 211.21, Shelby County, Tennessee",1391,305
1500000US471570211221,471570211221,"Block Group 1, Census Tract 211.22, Shelby County, Tennessee",995,296
1500000US471570211222,471570211222,"Block Group 2, Census Tract 211.22, Shelby County, Tennessee",779,373
1500000US471570211223,471570211223,"Block Group 3, Census Tract 211.22, Shelby County, Tennessee",1660,581
1500000US471570211224,471570211224,"Block Group 4, Census Tract 211.22, Shelby County, Tennessee",2215,508
1500000US471570211241,471570211241,"Block Group 1, Census Tract 211.24, Shelby County, Tennessee",5137,943
1500000US471570211242,471570211242,"Block Group 2, Census Tract 211.24, Shelby County, Tennessee",3401,1004
1500000US471570211251,471570211251,"Block Group 1, Census Tract 211.25, Shelby County, Tennessee",2658,709
1500000US471570211252,471570211252,"Block Group 2, Census Tract 211.25, Shelby County, Tennessee",1988,413
1500000US471570211261,471570211261,"Block Group 1, Census Tract 211.26, Shelby County, Tennessee",2869,346
1500000US471570211262,471570211262,"Block Group 2, Census Tract 211.26, Shelby County, Tennessee",1372,330
1500000US471570211351,471570211351,"Block Group 1, Census Tract 211.35, Shelby County, Tennessee",1728,524
1500000US471570211352,471570211352,"Block Group 2, Census Tract 211.35, Shelby County, Tennessee",1132,371
1500000US471570211353,471570211353,"Block Group 3, Census Tract 211.35, Shelby County, Tennessee",3848,946
1500000US471570211361,471570211361,"Block Group 1, Census Tract 211.36, Shelby County, Tennessee",1584,319
1500000US471570211362,471570211362,"Block Group 2, Census Tract 211.36, Shelby County, Tennessee",3439,426
1500000US471570211371,471570211371,"Block Group 1, Census Tract 211.37, Shelby County, Tennessee",1137,308
1500000US471570211372,471570211372,"Block Group 2, Census Tract 211.37, Shelby County, Tennessee",2410,564
1500000US471570211373,471570211373,"Block Group 3, Census Tract 211.37, Shelby County, Tennessee",1348,307
1500000US471570211374,471570211374,"Block Group 4, Census Tract 211.37, Shelby County, Tennessee",2434,409
1500000US471570211381,471570211381,"Block Group 1, Census Tract 211.38, Shelby County, Tennessee",3274,409
1500000US471570211391,471570211391,"Block Group 1, Census Tract 211.39, Shelby County, Tennessee",2914,327
1500000US471570211392,471570211392,"Block Group 2, Census Tract 211.39, Shelby County, Tennessee",1477,308
1500000US471570211401,471570211401,"Block Group 1, Census Tract 211.40, Shelby County, Tennessee",2617,430
1500000US471570211402,471570211402,"Block Group 2, Census Tract 211.40, Shelby County, Tennessee",2256,403
1500000US471570211411,471570211411,"Block Group 1, Census Tract 211.41, Shelby County, Tennessee",1117,429
1500000US471570211412,471570211412,"Block Group 2, Census Tract 211.41, Shelby County, Tennessee",1324,384
1500000US471570211413,471570211413,"Block Group 3, Census Tract 211.41, Shelby County, Tennessee",3104,607
1500000US471570211414,471570211414,"Block Group 4, Census Tract 211.41, Shelby County, Tennessee",1710,476
1500000US471570211421,471570211421,"Block Group 1, Census Tract 211.42, Shelby County, Tennessee",1948,450
1500000US471570211422,471570211422,"Block Group 2, Census Tract 211.42, Shelby County, Tennessee",1992,530
1500000US471570212001,471570212001,"Block Group 1, Census Tract 212, Shelby County, Tennessee",1397,421
1500000US471570212002,471570212002,"Block Group 2, Census Tract 212, Shelby County, Tennessee",2670,545
1500000US471570213111,471570213111,"Block Group 1, Census Tract 213.11, Shelby County, Tennessee",1808,334
1500000US471570213112,471570213112,"Block Group 2, Census Tract 213.11, Shelby County, Tennessee",1419,279
1500000US471570213113,471570213113,"Block Group 3, Census Tract 213.11, Shelby County, Tennessee",1409,317
1500000US471570213121,471570213121,"Block Group 1, Census Tract 213.12, Shelby County, Tennessee",926,199
1500000US471570213122,471570213122,"Block Group 2, Census Tract 213.12, Shelby County, Tennessee",1304,224
1500000US471570213201,471570213201,"Block Group 1, Census Tract 213.20, Shelby County, Tennessee",1968,418
1500000US471570213202,471570213202,"Block Group 2, Census Tract 213.20, Shelby County, Tennessee",2161,416
1500000US471570213203,471570213203,"Block Group 3, Census Tract 213.20, Shelby County, Tennessee",1782,444
1500000US471570213204,471570213204,"Block Group 4, Census Tract 213.20, Shelby County, Tennessee",0,12
1500000US471570213311,471570213311,"Block Group 1, Census Tract 213.31, Shelby County, Tennessee",1322,237
1500000US471570213312,471570213312,"Block Group 2, Census Tract 213.31, Shelby County, Tennessee",1378,283
1500000US471570213313,471570213313,"Block Group 3, Census Tract 213.31, Shelby County, Tennessee",670,170
1500000US471570213331,471570213331,"Block Group 1, Census Tract 213.33, Shelby County, Tennessee",1248,307
1500000US471570213332,471570213332,"Block Group 2, Census Tract 213.33, Shelby County, Tennessee",2359,454
1500000US471570213341,471570213341,"Block Group 1, Census Tract 213.34, Shelby County, Tennessee",2321,509
1500000US471570213342,471570213342,"Block Group 2, Census Tract 213.34, Shelby County, Tennessee",1481,530
1500000US471570213411,471570213411,"Block Group 1, Census Tract 213.41, Shelby County, Tennessee",1102,159
1500000US471570213412,471570213412,"Block Group 2, Census Tract 213.41, Shelby County, Tennessee",2437,323
1500000US471570213413,471570213413,"Block Group 3, Census Tract 213.41, Shelby County, Tennessee",1821,239
1500000US471570213421,471570213421,"Block Group 1, Census Tract 213.42, Shelby County, Tennessee",4393,686
1500000US471570213422,471570213422,"Block Group 2, Census Tract 213.42, Shelby County, Tennessee",1065,291
1500000US471570213423,471570213423,"Block Group 3, Census Tract 213.42, Shelby County, Tennessee",2361,676
1500000US471570213424,471570213424,"Block Group 4, Census Tract 213.42, Shelby County, Tennessee",1587,350
1500000US471570213511,471570213511,"Block Group 1, Census Tract 213.51, Shelby County, Tennessee",1587,327
1500000US471570213512,471570213512,"Block Group 2, Census Tract 213.51, Shelby County, Tennessee",1013,316
1500000US471570213513,471570213513,"Block Group 3, Census Tract 213.51, Shelby County, Tennessee",788,283
1500000US471570213514,471570213514,"Block Group 4, Census Tract 213.51, Shelby County, Tennessee",1027,293
1500000US471570213521,471570213521,"Block Group 1, Census Tract 213.52, Shelby County, Tennessee",878,201
1500000US471570213522,471570213522,"Block Group 2, Census Tract 213.52, Shelby County, Tennessee",1292,297
1500000US471570213523,471570213523,"Block Group 3, Census Tract 213.52, Shelby County, Tennessee",931,226
1500000US471570213524,471570213524,"Block Group 4, Census Tract 213.52, Shelby County, Tennessee",1590,374
1500000US471570213525,471570213525,"Block Group 5, Census Tract 213.52, Shelby County, Tennessee",2145,355
1500000US471570213531,471570213531,"Block Group 1, Census Tract 213.53, Shelby County, Tennessee",1552,429
1500000US471570213532,471570213532,"Block Group 2, Census Tract 213.53, Shelby County, Tennessee",1705,316
1500000US471570213533,471570213533,"Block Group 3, Census Tract 213.53, Shelby County, Tennessee",2400,514
1500000US471570213534,471570213534,"Block Group 4, Census Tract 213.53, Shelby County, Tennessee",2780,492
1500000US471570213535,471570213535,"Block Group 5, Census Tract 213.53, Shelby County, Tennessee",1356,276
1500000US471570214101,471570214101,"Block Group 1, Census Tract 214.10, Shelby County, Tennessee",1400,209
1500000US471570214102,471570214102,"Block Group 2, Census Tract 214.10, Shelby County, Tennessee",1392,180
1500000US471570214201,471570214201,"Block Group 1, Census Tract 214.20, Shelby County, Tennessee",1924,181
1500000US471570214202,471570214202,"Block Group 2, Census Tract 214.20, Shelby County, Tennessee",1303,219
1500000US471570214301,471570214301,"Block Group 1, Census Tract 214.30, Shelby County, Tennessee",961,249
1500000US471570214302,471570214302,"Block Group 2, Census Tract 214.30, Shelby County, Tennessee",1263,279
1500000US471570214303,471570214303,"Block Group 3, Census Tract 214.30, Shelby County, Tennessee",1782,319
1500000US471570215101,471570215101,"Block Group 1, Census Tract 215.10, Shelby County, Tennessee",2562,663
1500000US471570215102,471570215102,"Block Group 2, Census Tract 215.10, Shelby County, Tennessee",5670,710
1500000US471570215201,471570215201,"Block Group 1, Census Tract 215.20, Shelby County, Tennessee",3920,742
1500000US471570215202,471570215202,"Block Group 2, Census Tract 215.20, Shelby County, Tennessee",7647,528
1500000US471570215301,471570215301,"Block Group 1, Census Tract 215.30, Shelby County, Tennessee",2546,270
1500000US471570215302,471570215302,"Block Group 2, Census Tract 215.30, Shelby County, Tennessee",1631,223
1500000US471570215303,471570215303,"Block Group 3, Census Tract 215.30, Shelby County, Tennessee",1019,200
1500000US471570215401,471570215401,"Block Group 1, Census Tract 215.40, Shelby County, Tennessee",4839,487
1500000US471570215402,471570215402,"Block Group 2, Census Tract 215.40, Shelby County, Tennessee",4350,457
1500000US471570215403,471570215403,"Block Group 3, Census Tract 215.40, Shelby County, Tennessee",2767,420
1500000US471570216111,471570216111,"Block Group 1, Census Tract 216.11, Shelby County, Tennessee",1885,433
1500000US471570216112,471570216112,"Block Group 2, Census Tract 216.11, Shelby County, Tennessee",1322,299
1500000US471570216113,471570216113,"Block Group 3, Census Tract 216.11, Shelby County, Tennessee",1671,392
1500000US471570216114,471570216114,"Block Group 4, Census Tract 216.11, Shelby County, Tennessee",1531,320
1500000US471570216121,471570216121,"Block Group 1, Census Tract 216.12, Shelby County, Tennessee",2056,285
1500000US471570216122,471570216122,"Block Group 2, Census Tract 216.12, Shelby County, Tennessee",2786,306
1500000US471570216131,471570216131,"Block Group 1, Census Tract 216.13, Shelby County, Tennessee",1538,221
1500000US471570216132,471570216132,"Block Group 2, Census Tract 216.13, Shelby County, Tennessee",1102,242
1500000US471570216133,471570216133,"Block Group 3, Census Tract 216.13, Shelby County, Tennessee",2006,349
1500000US471570216201,471570216201,"Block Group 1, Census Tract 216.20, Shelby County, Tennessee",1137,439
1500000US471570216202,471570216202,"Block Group 2, Census Tract 216.20, Shelby County, Tennessee",1636,328
1500000US471570217101,471570217101,"Block Group 1, Census Tract 217.10, Shelby County, Tennessee",2030,304
1500000US471570217102,471570217102,"Block Group 2, Census Tract 217.10, Shelby County, Tennessee",585,226
1500000US471570217211,471570217211,"Block Group 1, Census Tract 217.21, Shelby County, Tennessee",2324,498
1500000US471570217212,471570217212,"Block Group 2, Census Tract 217.21, Shelby County, Tennessee",1861,591
1500000US471570217213,471570217213,"Block Group 3, Census Tract 217.21, Shelby County, Tennessee",1220,344
1500000US471570217241,471570217241,"Block Group 1, Census Tract 217.24, Shelby County, Tennessee",1006,230
1500000US471570217242,471570217242,"Block Group 2, Census Tract 217.24, Shelby County, Tennessee",1167,183
1500000US471570217251,471570217251,"Block Group 1, Census Tract 217.25, Shelby County, Tennessee",911,264
1500000US471570217252,471570217252,"Block Group 2, Census Tract 217.25, Shelby County, Tennessee",1624,423
1500000US471570217253,471570217253,"Block Group 3, Census Tract 217.25, Shelby County, Tennessee",2247,505
1500000US471570217261,471570217261,"Block Group 1, Census Tract 217.26, Shelby County, Tennessee",711,155
1500000US471570217262,471570217262,"Block Group 2, Census Tract 217.26, Shelby County, Tennessee",2414,696
1500000US471570217263,471570217263,"Block Group 3, Census Tract 217.26, Shelby County, Tennessee",1827,574
1500000US471570217311,471570217311,"Block Group 1, Census Tract 217.31, Shelby County, Tennessee",1759,343
1500000US471570217312,471570217312,"Block Group 2, Census Tract 217.31, Shelby County, Tennessee",1472,370
1500000US471570217321,471570217321,"Block Group 1, Census Tract 217.32, Shelby County, Tennessee",2137,492
1500000US471570217322,471570217322,"Block Group 2, Census Tract 217.32, Shelby County, Tennessee",2357,542
1500000US471570217323,471570217323,"Block Group 3, Census Tract 217.32, Shelby County, Tennessee",842,365
1500000US471570217324,471570217324,"Block Group 4, Census Tract 217.32, Shelby County, Tennessee",1461,478
1500000US471570217411,471570217411,"Block Group 1, Census Tract 217.41, Shelby County, Tennessee",1965,712
1500000US471570217412,471570217412,"Block Group 2, Census Tract 217.41, Shelby County, Tennessee",2047,620
1500000US471570217413,471570217413,"Block Group 3, Census Tract 217.41, Shelby County, Tennessee",2044,665
1500000US471570217414,471570217414,"Block Group 4, Census Tract 217.41, Shelby County, Tennessee",2164,576
1500000US471570217441,471570217441,"Block Group 1, Census Tract 217.44, Shelby County, Tennessee",1691,453
1500000US471570217442,471570217442,"Block Group 2, Census Tract 217.44, Shelby County, Tennessee",1517,527
1500000US471570217443,471570217443,"Block Group 3, Census Tract 217.44, Shelby County, Tennessee",2178,581
1500000US471570217444,471570217444,"Block Group 4, Census Tract 217.44, Shelby County, Tennessee",961,285
1500000US471570217451,471570217451,"Block Group 1, Census Tract 217.45, Shelby County, Tennessee",2204,553
1500000US471570217452,471570217452,"Block Group 2, Census Tract 217.45, Shelby County, Tennessee",4270,737
1500000US471570217453,471570217453,"Block Group 3, Census Tract 217.45, Shelby County, Tennessee",1651,500
1500000US471570217461,471570217461,"Block Group 1, Census Tract 217.46, Shelby County, Tennessee",1743,337
1500000US471570217462,471570217462,"Block Group 2, Census Tract 217.46, Shelby County, Tennessee",1020,374
1500000US471570217463,471570217463,"Block Group 3, Census Tract 217.46, Shelby County, Tennessee",1406,350
1500000US471570217471,471570217471,"Block Group 1, Census Tract 217.47, Shelby County, Tennessee",2065,412
1500000US471570217472,471570217472,"Block Group 2, Census Tract 217.47, Shelby County, Tennessee",1569,403
1500000US471570217511,471570217511,"Block Group 1, Census Tract 217.51, Shelby County, Tennessee",4996,564
1500000US471570217512,471570217512,"Block Group 2, Census Tract 217.51, Shelby County, Tennessee",2171,477
1500000US471570217521,471570217521,"Block Group 1, Census Tract 217.52, Shelby County, Tennessee",4587,539
1500000US471570217531,471570217531,"Block Group 1, Census Tract 217.53, Shelby County, Tennessee",1475,638
1500000US471570217532,471570217532,"Block Group 2, Census Tract 217.53, Shelby County, Tennessee",1753,361
1500000US471570217541,471570217541,"Block Group 1, Census Tract 217.54, Shelby County, Tennessee",2079,381
1500000US471570217542,471570217542,"Block Group 2, Census Tract 217.54, Shelby County, Tennessee",2416,501
1500000US471570219001,471570219001,"Block Group 1, Census Tract 219, Shelby County, Tennessee",999,283
1500000US471570219002,471570219002,"Block Group 2, Census Tract 219, Shelby County, Tennessee",1864,482
1500000US471570219003,471570219003,"Block Group 3, Census Tract 219, Shelby County, Tennessee",811,339
1500000US471570219004,471570219004,"Block Group 4, Census Tract 219, Shelby County, Tennessee",1621,380
1500000US471570220221,471570220221,"Block Group 1, Census Tract 220.22, Shelby County, Tennessee",1175,462
1500000US471570220222,471570220222,"Block Group 2, Census Tract 220.22, Shelby County, Tennessee",496,298
1500000US471570220223,471570220223,"Block Group 3, Census Tract 220.22, Shelby County, Tennessee",963,641
1500000US471570220224,471570220224,"Block Group 4, Census Tract 220.22, Shelby County, Tennessee",335,271
1500000US471570220225,471570220225,"Block Group 5, Census Tract 220.22, Shelby County, Tennessee",1090,446
1500000US471570220231,471570220231,"Block Group 1, Census Tract 220.23, Shelby County, Tennessee",1410,311
1500000US471570220232,471570220232,"Block Group 2, Census Tract 220.23, Shelby County, Tennessee",435,198
1500000US471570220233,471570220233,"Block Group 3, Census Tract 220.23, Shelby County, Tennessee",320,295
1500000US471570220241,471570220241,"Block Group 1, Census Tract 220.24, Shelby County, Tennessee",1164,375
1500000US471570220242,471570220242,"Block Group 2, Census Tract 220.24, Shelby County, Tennessee",589,352
1500000US471570220243,471570220243,"Block Group 3, Census Tract 220.24, Shelby County, Tennessee",1636,449
1500000US471570221111,471570221111,"Block Group 1, Census Tract 221.11, Shelby County, Tennessee",1958,584
1500000US471570221112,471570221112,"Block Group 2, Census Tract 221.11, Shelby County, Tennessee",1410,457
1500000US471570221113,471570221113,"Block Group 3, Census Tract 221.11, Shelby County, Tennessee",1877,646
1500000US471570221114,471570221114,"Block Group 4, Census Tract 221.11, Shelby County, Tennessee",355,335
1500000US471570221121,471570221121,"Block Group 1, Census Tract 221.12, Shelby County, Tennessee",1468,569
1500000US471570221122,471570221122,"Block Group 2, Census Tract 221.12, Shelby County, Tennessee",2256,657
1500000US471570221123,471570221123,"Block Group 3, Census Tract 221.12, Shelby County, Tennessee",1441,458
1500000US471570221124,471570221124,"Block Group 4, Census Tract 221.12, Shelby County, Tennessee",1198,312
1500000US471570221211,471570221211,"Block Group 1, Census Tract 221.21, Shelby County, Tennessee",1449,368
1500000US471570221212,471570221212,"Block Group 2, Census Tract 221.21, Shelby County, Tennessee",1719,324
1500000US471570221213,471570221213,"Block Group 3, Census Tract 221.21, Shelby County, Tennessee",1606,431
1500000US471570221221,471570221221,"Block Group 1, Census Tract 221.22, Shelby County, Tennessee",1208,431
1500000US471570221222,471570221222,"Block Group 2, Census Tract 221.22, Shelby County, Tennessee",627,253
1500000US471570221223,471570221223,"Block Group 3, Census Tract 221.22, Shelby County, Tennessee",1411,389
1500000US471570221224,471570221224,"Block Group 4, Census Tract 221.22, Shelby County, Tennessee",920,398
1500000US471570221301,471570221301,"Block Group 1, Census Tract 221.30, Shelby County, Tennessee",1284,334
1500000US471570221302,471570221302,"Block Group 2, Census Tract 221.30, Shelby County, Tennessee",839,339
1500000US471570221303,471570221303,"Block Group 3, Census Tract 221.30, Shelby County, Tennessee",1566,492
1500000US471570221304,471570221304,"Block Group 4, Census Tract 221.30, Shelby County, Tennessee",1058,398
1500000US471570221305,471570221305,"Block Group 5, Census Tract 221.30, Shelby County, Tennessee",871,579
1500000US471570222101,471570222101,"Block Group 1, Census Tract 222.10, Shelby County, Tennessee",2474,441
1500000US471570222102,471570222102,"Block Group 2, Census Tract 222.10, Shelby County, Tennessee",934,307
1500000US471570222103,471570222103,"Block Group 3, Census Tract 222.10, Shelby County, Tennessee",974,253
1500000US471570222201,471570222201,"Block Group 1, Census Tract 222.20, Shelby County, Tennessee",599,219
1500000US471570222202,471570222202,"Block Group 2, Census Tract 222.20, Shelby County, Tennessee",376,163
1500000US471570222203,471570222203,"Block Group 3, Census Tract 222.20, Shelby County, Tennessee",923,325
1500000US471570222204,471570222204,"Block Group 4, Census Tract 222.20, Shelby County, Tennessee",942,341
1500000US471570222205,471570222205,"Block Group 5, Census Tract 222.20, Shelby County, Tennessee",742,266
1500000US471570223101,471570223101,"Block Group 1, Census Tract 223.10, Shelby County, Tennessee",372,301
1500000US471570223102,471570223102,"Block Group 2, Census Tract 223.10, Shelby County, Tennessee",1275,423
1500000US471570223103,471570223103,"Block Group 3, Census Tract 223.10, Shelby County, Tennessee",1169,424
1500000US471570223104,471570223104,"Block Group 4, Census Tract 223.10, Shelby County, Tennessee",824,286
1500000US471570223105,471570223105,"Block Group 5, Census Tract 223.10, Shelby County, Tennessee",2019,661
1500000US471570223211,471570223211,"Block Group 1, Census Tract 223.21, Shelby County, Tennessee",648,245
1500000US471570223212,471570223212,"Block Group 2, Census Tract 223.21, Shelby County, Tennessee",1152,346
1500000US471570223213,471570223213,"Block Group 3, Census Tract 223.21, Shelby County, Tennessee",1860,442
1500000US471570223221,471570223221,"Block Group 1, Census Tract 223.22, Shelby County, Tennessee",2114,364
1500000US471570223222,471570223222,"Block Group 2, Census Tract 223.22, Shelby County, Tennessee",963,311
1500000US471570223223,471570223223,"Block Group 3, Census Tract 223.22, Shelby County, Tennessee",422,155
1500000US471570223224,471570223224,"Block Group 4, Census Tract 223.22, Shelby County, Tennessee",539,164
1500000US471570223301,471570223301,"Block Group 1, Census Tract 223.30, Shelby County, Tennessee",1576,438
1500000US471570223302,471570223302,"Block Group 2, Census Tract 223.30, Shelby County, Tennessee",1686,414
1500000US471570223303,471570223303,"Block Group 3, Census Tract 223.30, Shelby County, Tennessee",1785,361
1500000US471570224101,471570224101,"Block Group 1, Census Tract 224.10, Shelby County, Tennessee",1074,553
1500000US471570224102,471570224102,"Block Group 2, Census Tract 224.10, Shelby County, Tennessee",859,473
1500000US471570224103,471570224103,"Block Group 3, Census Tract 224.10, Shelby County, Tennessee",1525,589
1500000US471570224104,471570224104,"Block Group 4, Census Tract 224.10, Shelby County, Tennessee",2306,645
1500000US471570224105,471570224105,"Block Group 5, Census Tract 224.10, Shelby County, Tennessee",985,426
1500000US471570225001,471570225001,"Block Group 1, Census Tract 225, Shelby County, Tennessee",1969,472
1500000US471570225002,471570225002,"Block Group 2, Census Tract 225, Shelby County, Tennessee",1095,185
1500000US471570225003,471570225003,"Block Group 3, Census Tract 225, Shelby County, Tennessee",94,67
1500000US471570225004,471570225004,"Block Group 4, Census Tract 225, Shelby County, Tennessee",1004,284
1500000US471570225005,471570225005,"Block Group 5, Census Tract 225, Shelby County, Tennessee",1111,524
1500000US471570226001,471570226001,"Block Group 1, Census Tract 226, Shelby County, Tennessee",2281,538
1500000US471570226002,471570226002,"Block Group 2, Census Tract 226, Shelby County, Tennessee",2159,431
1500000US471570227001,471570227001,"Block Group 1, Census Tract 227, Shelby County, Tennessee",827,487
1500000US471570227002,471570227002,"Block Group 2, Census Tract 227, Shelby County, Tennessee",1008,454
1500000US471570227003,471570227003,"Block Group 3, Census Tract 227, Shelby County, Tennessee",1122,342
1500000US471570227004,471570227004,"Block Group 4, Census Tract 227, Shelby County, Tennessee",1581,443
1500000US471570227005,471570227005,"Block Group 5, Census Tract 227, Shelby County, Tennessee",3014,684
1500000US471579801001,471579801001,"Block Group 1, Census Tract 9801, Shelby County, Tennessee",68,30
1500000US471579802001,471579802001,"Block Group 1, Census Tract 9802, Shelby County, Tennessee",0,12
1500000US471579803001,471579803001,"Block Group 1, Census Tract 9803, Shelby County, Tennessee",0,12
1500000US471579804001,471579804001,"Block Group 1, Census Tract 9804, Shelby County, Tennessee",356,155
